{"cameraMode":{"drawMode":0,"name":"Shaded","section":"Shading Mode"},"sceneLighting":true,"audioPlay":false,"sceneViewState":{"showFog":true,"showMaterialUpdate":true,"showSkybox":true,"showFlares":true,"showImageEffects":true,"showParticleSystems":true},"in2DMode":false,"pivot":{"x":495.27618408203127,"y":228.16842651367188,"z":0.0},"rotation":{"x":0.006308814976364374,"y":0.01649380661547184,"z":-0.00010414076677989215,"w":0.9998458027839661},"size":227.2588653564453,"orthographic":false}